id,editedSkills
00cad896-5792-4bab-b4ce-0359391b3ff0,"[{""skills"": ""Content"", ""subskills"": [""Writing"", ""Social Media""]}]"
0147379b-9e70-4db9-9434-cb0bbe48e3d1,"[{""skills"": ""Content"", ""subskills"": [""Research"", ""Writing"", ""Social Media""]}]"
01ff4a9c-c33a-4028-b105-455e7b1e36df,"[{""skills"": ""Content"", ""subskills"": [""Writing""]}]"
02051ebf-dd40-4d89-a85c-f3cc6b4a7bd1,"[{""skills"": ""Content"", ""subskills"": [""Writing"", ""Research""]}]"
02a6e5de-1182-401a-820a-227ec5026349,"[{""skills"": ""Blockchain"", ""subskills"": [""Rust""]}]"
02e5649e-77d4-46e8-adbc-20ae5e2d9d42,"[{""skills"": ""Content"", ""subskills"": [""Writing""]}]"
03186f1e-50a1-42db-9ab3-a92d94c09ca9,"[{""skills"": ""Frontend"", ""subskills"": [""React"", ""Angular"", ""Vue""]}, {""skills"": ""Blockchain"", ""subskills"": [""Rust""]}, {""skills"": ""Backend"", ""subskills"": [""Javascript""]}]"
04837286-cfd0-4cf7-99a0-4c13fcdcceaa,"[{""skills"": ""Mobile"", ""subskills"": [""Flutter"", ""React Native""]}, {""skills"": ""Frontend"", ""subskills"": [""React""]}, {""skills"": ""Backend"", ""subskills"": [""Javascript""]}, {""skills"": ""Blockchain"", ""subskills"": []}]"
0508bd46-95f1-4fc0-9127-c94c2c76d556,"[{""skills"": ""Content"", ""subskills"": [""Writing"", ""Social Media""]}]"
0511a068-6290-4bfb-8175-9533e20adfe6,"[{""skills"": ""Content"", ""subskills"": [""Writing"", ""Social Media""]}]"
053bb4dd-a8e6-49b5-8bfe-bae5a2546fc1,"[{""skills"": ""Content"", ""subskills"": [""Writing"", ""Video"", ""Social Media""]}]"
06de6838-c36f-4953-9468-3cb5ddd5a08c,"[{""skills"": ""Content"", ""subskills"": [""Writing"", ""Social Media""]}]"
077f927f-753c-47e0-9909-c7abd784d1b0,"[{""skills"": ""Content"", ""subskills"": [""Video"", ""Writing"", ""Social Media""]}]"
09570845-eab5-41a7-9ce0-bbd12e997cc4,"[{""skills"": ""Design"", ""subskills"": [""Graphic Design"", ""Illustration""]}, {""skills"": ""Content"", ""subskills"": [""Writing""]}, {""skills"": ""Community"", ""subskills"": []}]"
095c6be5-0601-4a27-a72d-c4c67f866a07,"[{""skills"": ""Content"", ""subskills"": [""Social Media"", ""Writing""]}, {""skills"": ""Growth"", ""subskills"": []}]"
09fc1460-b1a8-4387-a447-9ddb2a6e9761,"[{""skills"": ""Content"", ""subskills"": [""Writing"", ""Social Media""]}]"
0a847bdf-d460-4277-aa16-c607d1ffbf80,"[{""skills"": ""Content"", ""subskills"": [""Writing"", ""Research"", ""Social Media""]}, {""skills"": ""Growth"", ""subskills"": [""Business Development""]}]"
0b4d6fe6-0d80-4b4b-8936-147b5826a8eb,"[{""skills"": ""Content"", ""subskills"": [""Writing"", ""Research""]}]"
0bb3488a-e57c-4d05-84c9-cfd83fb9ff47,"[{""skills"": ""Content"", ""subskills"": [""Writing"", ""Video"", ""Social Media""]}]"
0d0cd431-8519-4afc-a7f4-abffb1823fd6,"[{""skills"": ""Content"", ""subskills"": [""Writing"", ""Research""]}]"
0da0ad14-02a7-468f-996d-0ad4fc8a891e,"[{""skills"": ""Content"", ""subskills"": [""Writing"", ""Social Media""]}]"
0ef369d9-18bf-44a1-90d1-edc8ecdaf575,"[{""skills"": ""Content"", ""subskills"": [""Social Media""]}]"
0f34bbd8-1d58-448c-978d-361a9644deb8,"[{""skills"": ""Content"", ""subskills"": [""Video"", ""Writing"", ""Social Media""]}]"
0f4f838c-6e6c-4fbf-b40c-a759fac6a1bd,"[{""skills"": ""Frontend"", ""subskills"": [""React"", ""Angular"", ""Vue"", ""Redux""]}, {""skills"": ""Backend"", ""subskills"": [""Javascript"", ""PHP"", ""Python"", ""Java"", ""C++"", ""C"", ""Ruby"", ""Go"", ""MySQL"", ""Postgres"", ""MongoDB""]}, {""skills"": ""Blockchain"", ""subskills"": [""Rust""]}, {""skills"": ""Mobile"", ""subskills"": []}]"
0f579bad-0591-4d73-8f68-f6f3ae2b8643,"[{""skills"": ""Design"", ""subskills"": [""Graphic Design"", ""Presentation Design""]}, {""skills"": ""Growth"", ""subskills"": [""Business Development"", ""Marketing""]}, {""skills"": ""Content"", ""subskills"": []}]"
0fb56639-2cf6-43d6-8c70-3ab278d15427,"[{""skills"": ""Content"", ""subskills"": [""Writing"", ""Social Media""]}]"
100132fe-8ca8-4c9f-81aa-8336d8a594a9,"[{""skills"": ""Content"", ""subskills"": [""Writing"", ""Social Media""]}]"
103d3a78-515f-47c1-b259-63de36511f68,"[{""skills"": ""Blockchain"", ""subskills"": [""Rust""]}, {""skills"": ""Content"", ""subskills"": [""Writing""]}, {""skills"": ""Frontend"", ""subskills"": [""Vue"", ""Angular"", ""React""]}]"
1104d94b-37e2-4716-ad07-292f5855f904,"[{""skills"": ""Content"", ""subskills"": [""Video"", ""Writing"", ""Social Media""]}]"
11f543cc-8e53-4624-b2df-94b3485d201c,"[{""skills"": ""Design"", ""subskills"": [""Graphic Design"", ""Illustration"", ""Presentation Design""]}]"
124c5fb1-59f4-4a19-9289-0467a49dc6e4,"[{""skills"": ""Content"", ""subskills"": [""Writing"", ""Social Media""]}]"
13a635b5-172e-4c12-8dc4-df700ed28246,"[{""skills"": ""Content"", ""subskills"": [""Research"", ""Video"", ""Social Media""]}]"
13aaac4e-436c-4df7-ba50-56dedd8fc8c0,"[{""skills"": ""Content"", ""subskills"": [""Writing""]}, {""skills"": ""Frontend"", ""subskills"": []}]"
14c8c550-32ad-4788-9caa-0d2f7508000a,"[{""skills"": ""Design"", ""subskills"": [""Presentation Design""]},{""skills"": ""Content"", ""subskills"": [""Social Media""]}]"
153b0e71-26cc-436c-bd0f-9ec319dbf0c1,"[{""skills"": ""Content"", ""subskills"": [""Writing""]}]"
16ca46fd-6560-43ec-a8ba-fadaf8697b77,"[{""skills"": ""Content"", ""subskills"": [""Video""]}]"
174af37e-95cd-4267-bd63-b05ad83ae154,"[{""skills"": ""Content"", ""subskills"": [""Writing"", ""Social Media""]}]"
18cb9f1d-ff65-431c-97a5-ab8de85fd310,"[{""skills"": ""Content"", ""subskills"": [""Writing"", ""Research""]}]"
19a5d70d-3c5c-48ec-9dcd-945d87ed6686,"[{""skills"": ""Blockchain"", ""subskills"": [""Rust""]}, {""skills"": ""Mobile"", ""subskills"": [""React Native""]},{""skills"": ""Community"", ""subskills"": []}, {""skills"": ""Frontend"", ""subskills"": [""React"", ""Angular"", ""Vue"", ""Redux""]}, {""skills"": ""Backend"", ""subskills"": [""Javascript"", ""PHP"", ""Python"", ""Java"", ""C++"", ""C"", ""Ruby"", ""Go"", ""MySQL"", ""Postgres"", ""MongoDB""]}]"
1afae4f6-11c7-49d7-a159-bb5be7227496,"[{""skills"": ""Content"", ""subskills"": [""Writing"", ""Social Media""]}]"
1bfe784b-831b-4159-aed4-cde9c5fcc267,"[{""skills"": ""Frontend"", ""subskills"": [""React"", ""Angular"", ""Vue"", ""Redux""]}, {""skills"": ""Backend"", ""subskills"": [""Javascript"", ""PHP"", ""Python"", ""Java"", ""C++"", ""C"", ""Ruby"", ""Go"", ""MySQL"", ""Postgres"", ""MongoDB""]}, {""skills"": ""Blockchain"", ""subskills"": [""Rust""]}]"
1c38ff80-bcfd-4779-8962-12c674c3b597,"[{""skills"": ""Design"", ""subskills"": [""Graphic Design""]}]"
1c56a788-3862-4707-b15c-d882ba593b68,"[{""skills"": ""Content"", ""subskills"": [""Writing"", ""Social Media""]}]"
1c6d53e0-f3a6-4405-ae4f-ec771d7f1522,"[{""skills"": ""Content"", ""subskills"": [""Writing"", ""Research""]}]"
1c74ad11-4e3b-4031-a453-c90a7c019742,"[{""skills"": ""Content"", ""subskills"": [""Social Media"", ""Writing""]}]"
1c9c57f3-592f-4711-97f0-1c65bda0e1d6,"[{""skills"": ""Frontend"", ""subskills"": [""React"", ""Angular"", ""Vue""]}, {""skills"": ""Backend"", ""subskills"": [""Javascript""]}, {""skills"": ""Blockchain"", ""subskills"": [""Rust""]}, {""skills"": ""Mobile"", ""subskills"": [""Android"", ""iOS"", ""Flutter"", ""React Native""]}]"
1d69199b-4a92-4674-8597-ddcceadec6ec,"[{""skills"": ""Content"", ""subskills"": [""Writing"", ""Research""]}]"
1e19b24a-58b9-4997-835c-4fa35c2e7803,"[{""skills"": ""Content"", ""subskills"": [""Video"", ""Social Media"", ""Writing""]}]"
1e2e905a-5f03-49cb-929e-0810bef822e6,"[{""skills"": ""Frontend"", ""subskills"": [""React"", ""Angular"", ""Vue"", ""Redux""]}, {""skills"": ""Backend"", ""subskills"": [""Javascript"", ""PHP"", ""Python"", ""Java"", ""C++"", ""C"", ""Ruby"", ""Go"", ""MySQL"", ""Postgres"", ""MongoDB""]}, {""skills"": ""Blockchain"", ""subskills"": [""Rust""]}]"
1eca1e2e-5877-4abc-9390-ee0a488b62be,"[{""skills"": ""Content"", ""subskills"": [""Writing"", ""Video"", ""Social Media""]}]"
1f21f7d4-5fca-4607-9d12-124341a90beb,"[{""skills"": ""Content"", ""subskills"": [""Writing"", ""Social Media""]}]"
1f953356-2f29-4cf3-8a9a-50c40781225e,"[{""skills"": ""Content"", ""subskills"": [""Writing"", ""Research""]}]"
2047e20d-99de-4f4e-bfd1-af448b5d3fb7,"[{""skills"": ""Blockchain"", ""subskills"": [""Rust""]}, {""skills"": ""Backend"", ""subskills"": [""Javascript""]}, {""skills"": ""Frontend"", ""subskills"": [""React""]}]"
20b21053-3460-4b8c-8e18-a4d681e70f3b,"[{""skills"": ""Content"", ""subskills"": [""Writing"", ""Social Media""]}]"
20bd75e1-8492-4201-a2b1-d661f85f3fb9,"[{""skills"": ""Community"", ""subskills"": [""Community Manager"", ""Discord Moderator""]}, {""skills"": ""Growth"", ""subskills"": []}]"
21a97983-0a77-4682-9c0c-d111e96c778a,"[{""skills"": ""Blockchain"", ""subskills"": [""Rust""]}, {""skills"": ""Frontend"", ""subskills"": [""React"", ""Angular"", ""Vue"", ""Redux""]}, {""skills"": ""Backend"", ""subskills"": [""Javascript"", ""PHP"", ""Python"", ""Java"", ""C++"", ""C"", ""Ruby"", ""Go"", ""MySQL"", ""Postgres"", ""MongoDB""]},{""skills"": ""Mobile"", ""subskills"": [""React Native""]}]"
225cbe0a-c3ae-40c0-b348-a19e662ab422,"[{""skills"": ""Design"", ""subskills"": [""Presentation Design""]}, {""skills"": ""Community"", ""subskills"": []}, {""skills"": ""Content"", ""subskills"": [""Social Media""]}]"
231a40e3-fc31-4fa2-b87a-cf0c1a45ae43,"[{""skills"": ""Content"", ""subskills"": [""Writing"", ""Video"", ""Social Media""]}]"
2326777e-0c52-4c47-968a-1b376990352d,"[{""skills"": ""Frontend"", ""subskills"": []}, {""skills"": ""Backend"", ""subskills"": []}, {""skills"": ""Blockchain"", ""subskills"": [""Rust""]}]"
23a2595c-1044-447e-8fc9-ec3855d71efd,"[{""skills"": ""Content"", ""subskills"": [""Writing""]}]"
23d61432-2322-4b7b-b004-7d5f632f9b54,"[{""skills"": ""Other"", ""subskills"": [""Operations""]}, {""skills"": ""Content"", ""subskills"": [""Social Media"", ""Writing""]}]"
25df20ec-06ff-434d-835a-f7b1dd934185,"[{""skills"": ""Content"", ""subskills"": [""Writing"", ""Social Media""]}]"
283a9024-50e1-4caa-89cf-6012694cc7ee,"[{""skills"": ""Content"", ""subskills"": [""Research"", ""Writing""]}]"
287d2fc0-8901-4782-8a1d-708cf3d4095f,"[{""skills"": ""Design"", ""subskills"": [""Presentation Design""]}]"
28ea6b67-55dc-49fd-ad1e-fe060aeefccb,"[{""skills"": ""Content"", ""subskills"": [""Writing"", ""Research""]}]"
29760dae-ad82-408a-8be5-f69f64fe0494,"[{""skills"": ""Content"", ""subskills"": [""Writing"", ""Social Media""]}]"
297afb4f-6f9d-401c-b612-8b27cc4e909b,"[{""skills"": ""Frontend"", ""subskills"": [""React""]}, {""skills"": ""Backend"", ""subskills"": []}]"
2a1219dd-1bdb-4951-9571-d7a13b72d6dd,"[{""skills"": ""Design"", ""subskills"": [""Graphic Design"", ""Illustration""]}]"
2a214f24-73b6-4255-bd8c-e1ef90157976,"[{""skills"": ""Content"", ""subskills"": [""Video""]}]"
2a66f71c-b9f7-46df-b548-dd9e3f502329,"[{""skills"": ""Content"", ""subskills"": [""Writing"", ""Social Media""]}]"
2be63960-4c4c-414b-a1f1-8e03fdd5ac71,"[{""skills"": ""Other"", ""subskills"": [""Operations""]},{""skills"": ""Content"", ""subskills"": [""Social Media"", ""Writing""]}]"
2cdbd81d-b9aa-4ce4-9eb1-cf404bad8449,"[{""skills"": ""Community"", ""subskills"": []}, {""skills"": ""Growth"", ""subskills"": [""Digital Marketing"", ""Marketing""]}, {""skills"": ""Content"", ""subskills"": [""Video"", ""Social Media""]}]"
2d200793-d47c-4835-b110-5b6b7db28151,"[{""skills"": ""Content"", ""subskills"": [""Writing"", ""Social Media""]}]"
2d4a6433-68d8-48d4-953b-bb7a77b65178,"[{""skills"": ""Other"", ""subskills"": []}, {""skills"": ""Design"", ""subskills"": [""Graphic Design""]}]"
2d5320f0-b666-4ae7-8c9e-fba82b55b97d,"[{""skills"": ""Design"", ""subskills"": [""Illustration"", ""Graphic Design""]}]"
2e370ffe-4e7a-4ab6-8d88-69420a616742,"[{""skills"": ""Frontend"", ""subskills"": []}]"
2e3c3025-5ca7-435b-815f-c5c8c0d3c7b4,"[{""skills"": ""Design"", ""subskills"": [""Graphic Design"", ""Illustration""]},{""skills"": ""Content"", ""subskills"": [""Social Media""]}, {""skills"": ""Community"", ""subskills"": []}]"
2eca75f0-136a-457a-af74-2c734a2bfb8c,"[{""skills"": ""Frontend"", ""subskills"": [""React""]}]"
2ef731e7-9f75-4662-aaf8-80eb99fc3326,"[{""skills"": ""Content"", ""subskills"": [""Writing"", ""Research""]}]"
2f11b79f-776a-488d-8ed5-5c68ef517387,"[{""skills"": ""Content"", ""subskills"": [""Writing"", ""Social Media""]}]"
314568a3-edac-4a0e-9e49-168b530f736a,"[{""skills"": ""Content"", ""subskills"": [""Writing"", ""Social Media""]}]"
31cffd10-d1ab-4f59-aa59-0475f4463576,"[{""skills"": ""Design"", ""subskills"": [""Graphic Design"", ""Illustration"", ""Presentation Design""]}]"
32758220-f0b1-4bb7-aabb-75e911cb3fd0,"[{""skills"": ""Design"", ""subskills"": [""Graphic Design"", ""Illustration""]}]"
32a9c73d-ac19-44b3-8c75-704d0f916293,"[{""skills"": ""Frontend"", ""subskills"": [""Angular"", ""Vue"", ""Redux""]}, {""skills"": ""Backend"", ""subskills"": [""Javascript"", ""PHP"", ""Python"", ""Java"", ""C++"", ""C"", ""Ruby"", ""Go"", ""MySQL"", ""Postgres"", ""MongoDB""]}, {""skills"": ""Blockchain"", ""subskills"": [""Rust""]}]"
32c09cc2-04de-4d50-ada4-9e1d015fefaa,"[{""skills"": ""Content"", ""subskills"": [""Social Media"", ""Writing""]}]"
339973c7-be6d-4a9c-89b0-5df157bffdd2,"[{""skills"": ""Content"", ""subskills"": [""Social Media"", ""Writing""]}]"
33ab67e1-918a-4a22-b229-8bd9997a3416,"[{""skills"": ""Design"", ""subskills"": [""Illustration"", ""Graphic Design""]}]"
33ef7d7d-cd65-4184-9484-d0e6b434ef47,"[{""skills"": ""Content"", ""subskills"": [""Writing""]}]"
34dbca4f-c068-4040-9431-6feef2d1fe16,"[{""skills"": ""Frontend"", ""subskills"": [""React""]}]"
3508583e-d399-4809-8431-4489b42f169d,"[{""skills"": ""Community"", ""subskills"": [""Community Manager""]}, {""skills"": ""Growth"", ""subskills"": [""Marketing""]}]"
3565dc44-552e-44e0-9548-effd615f9426,"[{""skills"": ""Design"", ""subskills"": [""UI/UX Design"", ""Graphic Design"", ""Illustration""]}]"
362b90f5-fd0d-45b3-85d4-ce5c003b6b84,"[{""skills"": ""Content"", ""subskills"": [""Writing"", ""Social Media""]}]"
3748a8fc-c326-4a8b-be38-238c57a9196f,"[{""skills"": ""Design"", ""subskills"": [""Graphic Design""]}, {""skills"": ""Other"", ""subskills"": []}]"
37975b8f-3811-4d79-aa5b-bdcf8fe7c828,"[{""skills"": ""Design"", ""subskills"": [""Graphic Design"", ""Illustration""]}, {""skills"": ""Content"", ""subskills"": []}]"
37d82b8c-e3df-4df3-be4e-7b5a7582755e,"[{""skills"": ""Frontend"", ""subskills"": [""React"", ""Angular"", ""Vue"", ""Redux""]}, {""skills"": ""Backend"", ""subskills"": [""Javascript"", ""PHP"", ""Python"", ""Java"", ""C++"", ""C"", ""Ruby"", ""Go"", ""MySQL"", ""Postgres"", ""MongoDB""]}, {""skills"": ""Blockchain"", ""subskills"": [""Rust""]}, {""skills"": ""Mobile"", ""subskills"": []}]"
382e9b47-7d03-4aef-990d-eb3285cf97aa,"[{""skills"": ""Content"", ""subskills"": [""Video"", ""Social Media""]}]"
386ec2c3-ef8b-4984-a2c1-40176ccb66cd,"[{""skills"": ""Content"", ""subskills"": [""Writing""]}]"
388764f4-403b-4b15-96e0-da0fa07dd3fd,"[{""skills"": ""Other"", ""subskills"": [""Data Analytics""]}, {""skills"": ""Backend"", ""subskills"": []}, {""skills"": ""Blockchain"", ""subskills"": []}]"
38ef6980-4fbe-4b38-afd4-76c65a7c84e1,"[{""skills"": ""Content"", ""subskills"": [""Writing"", ""Research""]}]"
39336169-f6fc-4b24-a353-d442dd37e9b7,"[{""skills"": ""Frontend"", ""subskills"": [""React""]}]"
3943dcd8-a1e4-40b5-85a7-b80e2cd5cf9e,"[{""skills"": ""Blockchain"", ""subskills"": []}, {""skills"": ""Content"", ""subskills"": [""Writing""]}]"
39570044-bcc2-42e0-9d70-1d787eb9af2d,"[{""skills"": ""Community"", ""subskills"": [""Community Manager""]}]"
39e4a8e2-7ad3-427b-8f30-49c2fb36d51d,"[{""skills"": ""Content"", ""subskills"": [""Social Media"", ""Writing""]}]"
3a119e61-7d92-4973-b5f7-1391b9eb4f4e,"[{""skills"": ""Design"", ""subskills"": [""Graphic Design"", ""Illustration""]}, {""skills"": ""Content"", ""subskills"": [""Writing"", ""Video"", ""Social Media""]}]"
3a3efe5c-56cd-49a5-94e6-f7472a81791d,"[{""skills"": ""Content"", ""subskills"": [""Writing"", ""Social Media""]}]"
3a624bfb-ee20-4991-b6cf-8887ef8502e0,"[{""skills"": ""Content"", ""subskills"": [""Writing"", ""Social Media"", ""Video""]}]"
3a6ba45e-b4fd-4ec6-8218-1622a9c735c4,"[{""skills"": ""Design"", ""subskills"": [""Graphic Design"", ""Illustration""]}]"
3c5c3a0f-3286-43f6-995c-ced75337aed5,"[{""skills"": ""Content"", ""subskills"": [""Writing"", ""Research""]}]"
3cb1763c-0dcb-4209-a9d8-87445a17923c,"[{""skills"": ""Content"", ""subskills"": [""Writing""]}, {""skills"": ""Design"", ""subskills"": [""Graphic Design""]}]"
3d0435c0-0718-4696-a8d3-391ae44ffa47,"[{""skills"": ""Content"", ""subskills"": [""Writing"", ""Research""]}]"
3ead76d4-20e4-410a-bf5b-c4c7674a47d7,"[{""skills"": ""Content"", ""subskills"": [""Writing"", ""Research""]}]"
3ec7a191-781d-4355-bfb0-0853016e6801,"[{""skills"": ""Content"", ""subskills"": [""Writing"", ""Research""]}]"
407e670f-d5ea-4e5a-a082-93d59787a831,"[{""skills"": ""Content"", ""subskills"": [""Social Media"", ""Writing""]}]"
40d6eee5-d73f-4e17-b91e-75edbfd8e4a6,"[{""skills"": ""Content"", ""subskills"": [""Writing"", ""Social Media""]}]"
40ebffa8-e26f-48df-8223-6444fdacc91b,"[{""skills"": ""Content"", ""subskills"": [""Video"", ""Social Media""]}]"
4187c80c-ed39-4e7c-b489-41707bcd1cd8,"[{""skills"": ""Content"", ""subskills"": [""Writing""]}]"
427ddbec-e49b-4514-a3f2-ee9b6d25d379,"[{""skills"": ""Frontend"", ""subskills"": [""React"", ""Angular"", ""Vue""]}, {""skills"": ""Backend"", ""subskills"": []}, {""skills"": ""Blockchain"", ""subskills"": []}, {""skills"": ""Mobile"", ""subskills"": []}]"
42950e64-02fe-4208-ba76-2608ddfc8c7f,"[{""skills"": ""Frontend"", ""subskills"": [""React""]}, {""skills"": ""Backend"", ""subskills"": [""Javascript""]}]"
42ab150d-2f47-4801-aad3-85a93e99e6fd,"[{""skills"": ""Community"", ""subskills"": []},{""skills"": ""Content"", ""subskills"": [""Writing"",""Social Media""]}]"
43afc155-1a43-472b-b932-b518334a2cc1,"[{""skills"": ""Content"", ""subskills"": [""Video""]}]"
43dad352-8b93-4e1d-a2a5-fa0687055261,"[{""skills"": ""Content"", ""subskills"": [""Writing"", ""Video"", ""Social Media""]}, {""skills"": ""Design"", ""subskills"": []}]"
43fb65f2-9879-4a96-b1be-3e6d4178e3ba,"[{""skills"": ""Content"", ""subskills"": [""Writing"", ""Research""]}]"
447af1ff-8c63-4033-b127-81d7a29b7fba,"[{""skills"": ""Content"", ""subskills"": [""Writing"", ""Video"", ""Social Media""]}, {""skills"": ""Design"", ""subskills"": []}, {""skills"": ""Community"", ""subskills"": []}]"
44d88d49-9c17-47d1-a45a-885ba5c12ef3,"[{""skills"": ""Design"", ""subskills"": [""Graphic Design""]}, {""skills"": ""Content"", ""subskills"": [""Social Media""]}]"
4546ed50-c236-4039-b7b6-2aeb4eec2216,"[{""skills"": ""Content"", ""subskills"": [""Writing""]}]"
456e4da5-8581-4bd3-909e-df6c415202da,"[{""skills"": ""Content"", ""subskills"": [""Video""]}]"
46a92dbc-495f-40b2-819c-c856f9a1bcbf,"[{""skills"": ""Content"", ""subskills"": [""Writing"", ""Social Media""]}]"
470a87fa-310b-49a9-a78e-0e3f7608b524,"[{""skills"": ""Content"", ""subskills"": [""Writing"", ""Social Media""]}]"
4945f132-6486-4d7c-b730-76730edbe4e8,"[{""skills"": ""Frontend"", ""subskills"": [""React"", ""Angular""]}, {""skills"": ""Backend"", ""subskills"": [""Javascript""]}, {""skills"": ""Blockchain"", ""subskills"": [""Rust""]}]"
4a01f8b3-e306-44fe-a2ff-f10c096c79a9,"[{""skills"": ""Content"", ""subskills"": [""Writing""]}]"
4a6b51b2-9b8e-4c11-a2d1-89abb12ea7a4,"[{""skills"": ""Content"", ""subskills"": []}, {""skills"": ""Design"", ""subskills"": [""Presentation Design""]}, {""skills"": ""Growth"", ""subskills"": [""Business Development"", ""Marketing""]}]"
4b8f8ca9-8610-48e1-9261-c11145afe539,"[{""skills"": ""Content"", ""subskills"": [""Writing"", ""Research""]}]"
4d33838f-23df-46c5-82f3-5f04b9ccd0af,"[{""skills"": ""Design"", ""subskills"": [""Graphic Design""]}]"
4e545d64-682c-4540-bebe-f1483aacf89f,"[{""skills"": ""Content"", ""subskills"": []}, {""skills"": ""Other"", ""subskills"": [""Data Analytics"", ""Operations""]}, {""skills"": ""Community"", ""subskills"": []}]"
4fd47ca5-1640-46f2-80ac-6e2e5d08acbb,"[{""skills"": ""Design"", ""subskills"": [""UI/UX Design""]}]"
5136467f-5410-4938-ad3a-9dd11eb8afdf,"[{""skills"": ""Content"", ""subskills"": [""Writing"", ""Social Media""]}]"
51456969-9ea5-40e7-9c0e-2b34430f3469,"[{""skills"": ""Content"", ""subskills"": [""Writing"", ""Video"", ""Social Media""]}]"
5298f313-3e05-4178-bdfd-93e4cc7ebd77,"[{""skills"": ""Content"", ""subskills"": [""Writing"", ""Social Media""]}]"
53740af8-2f6b-41ef-9a3e-311a74db01e5,"[{""skills"": ""Content"", ""subskills"": [""Writing"", ""Social Media""]}]"
54893118-ceb4-4b36-b07a-6e4d09604686,"[{""skills"": ""Content"", ""subskills"": [""Social Media"", ""Writing""]}]"
54c305ee-163e-49d6-87d3-291149d560a8,"[{""skills"": ""Content"", ""subskills"": [""Social Media"", ""Writing""]}]"
55c55074-239d-4997-95fe-0afcf060d718,"[{""skills"": ""Content"", ""subskills"": [""Writing"", ""Research""]}]"
5861bf75-42c8-4687-b910-d833c50a17ac,"[{""skills"": ""Content"", ""subskills"": [""Social Media"", ""Writing""]}]"
58824f5b-faa3-455a-b63e-5ac0d4398b68,"[{""skills"": ""Content"", ""subskills"": [""Social Media"", ""Writing""]}]"
5891c63c-7400-44a1-9f35-7a1247eb5f1f,"[{""skills"": ""Content"", ""subskills"": [""Writing"", ""Social Media""]}]"
589aa5d2-fdc6-4b27-8b88-37221353b070,"[{""skills"": ""Design"", ""subskills"": [""Graphic Design"", ""Illustration""]}, {""skills"": ""Content"", ""subskills"": [""Video"", ""Writing"", ""Social Media""]}]"
59cf76e8-e1fb-41f3-8025-65677e9a51b0,"[{""skills"": ""Content"", ""subskills"": [""Writing"", ""Social Media""]}]"
5a9e589c-b0ce-4bcf-b8b7-4945acea89f6,"[{""skills"": ""Design"", ""subskills"": [""UI/UX Design"", ""Graphic Design""]}, {""skills"": ""Frontend"", ""subskills"": []}, {""skills"": ""Backend"", ""subskills"": []}]"
5af543c3-cf42-449d-a6f9-62b6a0be3080,"[{""skills"": ""Content"", ""subskills"": [""Writing"", ""Research""]}]"
5b0f3107-d9d1-4a25-9f3e-89e86fcce10b,"[{""skills"": ""Content"", ""subskills"": [""Video"", ""Social Media""]}]"
5ca88acb-338a-4ea5-80a4-3b706b0554ef,"[{""skills"": ""Blockchain"", ""subskills"": []}, {""skills"": ""Backend"", ""subskills"": [""Javascript"", ""PHP"", ""Python"", ""Java"", ""C++"", ""C"", ""Ruby"", ""Go"", ""MySQL"", ""Postgres"", ""MongoDB""]}, {""skills"": ""Frontend"", ""subskills"": [""React"", ""Angular"", ""Vue"", ""Redux""]}, {""skills"": ""Content"", ""subskills"": [""Writing"", ""Research""]}]"
5d14d559-f69b-45d9-8aab-a02ad37f34f0,"[{""skills"": ""Content"", ""subskills"": [""Writing""]}, {""skills"": ""Frontend"", ""subskills"": []}, {""skills"": ""Mobile"", ""subskills"": [""React Native""]}, {""skills"": ""Blockchain"", ""subskills"": []}]"
5d8cc123-8a30-496a-8372-26d2744c7ce8,"[{""skills"": ""Content"", ""subskills"": [""Social Media""]}, {""skills"": ""Design"", ""subskills"": [""Graphic Design""]}]"
5d9de08f-0474-4437-a90e-9ac5be91de06,"[{""skills"": ""Content"", ""subskills"": [""Writing"", ""Research""]}, {""skills"": ""Blockchain"", ""subskills"": []}, {""skills"": ""Growth"", ""subskills"": []}]"
5f3814d4-8e7e-48a4-b16d-fac97bf3a9c2,"[{""skills"": ""Content"", ""subskills"": [""Writing"", ""Social Media"", ""Video""]}]"
5f883f8a-8d82-4e30-bb0e-fce03af1fca9,"[{""skills"": ""Content"", ""subskills"": [""Writing"", ""Research""]}, {""skills"": ""Backend"", ""subskills"": [""Javascript""]}, {""skills"": ""Frontend"", ""subskills"": []}]"
5fc13b21-c2d4-4c40-8cf8-c491ed8f1c73,"[{""skills"": ""Frontend"", ""subskills"": [""React"", ""Angular"", ""Vue""]}]"
604d41dd-41c3-4982-80fb-4ae09321ee56,"[{""skills"": ""Frontend"", ""subskills"": [""Angular"", ""Vue"", ""Redux"", ""React""]}, {""skills"": ""Backend"", ""subskills"": [""Javascript"", ""PHP"", ""Python"", ""Java"", ""C++"", ""C"", ""Ruby"", ""Go"", ""MySQL"", ""Postgres"", ""MongoDB""]}, {""skills"": ""Blockchain"", ""subskills"": [""Rust""]}]"
608f784b-98e9-405a-98ff-2188d5e4ff87,"[{""skills"": ""Content"", ""subskills"": [""Writing"", ""Social Media""]}]"
62a4439f-3190-41a3-bf64-b7ebe845e4ae,"[{""skills"": ""Frontend"", ""subskills"": [""React""]}]"
63156aae-fb62-4b83-9a6c-60465aa39799,"[{""skills"": ""Design"", ""subskills"": [""UI/UX Design"", ""Graphic Design"", ""Illustration""]}, {""skills"": ""Content"", ""subskills"": [""Social Media""]}]"
6358c461-3a86-41e3-8bc6-171fc0f8ca1d,"[{""skills"": ""Content"", ""subskills"": [""Writing""]}]"
6520e39d-c837-45aa-9473-a4b793c09228,"[{""skills"": ""Content"", ""subskills"": [""Writing"", ""Social Media""]}]"
658816dd-d1d2-4a3e-b40f-aa1facae87ec,"[{""skills"": ""Frontend"", ""subskills"": [""React"", ""Angular"", ""Vue"", ""Redux""]}, {""skills"": ""Backend"", ""subskills"": [""Javascript"", ""PHP"", ""Python"", ""Java"", ""C++"", ""C"", ""Ruby"", ""Go"", ""MySQL"", ""Postgres"", ""MongoDB""]}, {""skills"": ""Blockchain"", ""subskills"": [""Rust""]}, {""skills"": ""Mobile"", ""subskills"": []}]"
65900a35-59fd-4bbf-9b79-64c9204c20b7,"[{""skills"": ""Frontend"", ""subskills"": []}, {""skills"": ""Backend"", ""subskills"": [""Javascript"", ""MySQL"", ""Postgres""]}]"
65971061-86ee-4878-be7b-5f6fc81bbd53,"[{""skills"": ""Frontend"", ""subskills"": [""React""]}, {""skills"": ""Backend"", ""subskills"": [""Javascript"", ""Postgres""]}]"
65de03dd-80d9-4aec-813a-23c2e7947941,"[{""skills"": ""Content"", ""subskills"": [""Social Media"", ""Writing""]}]"
65f62a41-aa64-4067-9f47-c1b12d466c51,"[{""skills"": ""Frontend"", ""subskills"": []}, {""skills"": ""Backend"", ""subskills"": []}, {""skills"": ""Blockchain"", ""subskills"": [""Rust""]}]"
662253fe-8545-430a-b5a7-d502c1e9024d,"[{""skills"": ""Blockchain"", ""subskills"": [""Rust""]}, {""skills"": ""Frontend"", ""subskills"": [""React"", ""Angular"", ""Vue"", ""Redux""]}, {""skills"": ""Backend"", ""subskills"": [""Javascript"", ""PHP"", ""Python"", ""Java"", ""C++"", ""C"", ""Ruby"", ""Go"", ""MySQL"", ""Postgres"", ""MongoDB""]}]"
67784d5e-9fbd-4061-b4ef-8d724f1d1129,"[{""skills"": ""Content"", ""subskills"": [""Social Media"", ""Writing""]}]"
67cfe155-d1e5-4329-a8c6-bf0d1e9a58da,"[{""skills"": ""Content"", ""subskills"": [""Writing"", ""Social Media""]}]"
67def95d-2d46-4dc3-a689-b2df1bdc2dde,"[{""skills"": ""Content"", ""subskills"": [""Writing"", ""Research""]}]"
6a9a5aad-9f5f-4c48-9de6-65fbd3d46478,"[{""skills"": ""Content"", ""subskills"": [""Writing""]}]"
6abf60dd-a38b-4a22-abee-f967cd3eb7b2,"[{""skills"": ""Community"", ""subskills"": []}, {""skills"": ""Growth"", ""subskills"": []}, {""skills"": ""Content"", ""subskills"": []}]"
6b687742-8d36-4574-845a-f2e3f722f9c9,"[{""skills"": ""Content"", ""subskills"": [""Writing"", ""Social Media""]}]"
6bae9076-43ff-4fc5-958e-5b6d580d6916,"[{""skills"": ""Frontend"", ""subskills"": [""Angular"", ""Vue"", ""React"", ""Redux""]},{""skills"": ""Backend"", ""subskills"": [""Javascript"", ""PHP"", ""Python"", ""Java"", ""C++"", ""C"", ""Ruby"", ""Go"", ""MySQL"", ""Postgres"", ""MongoDB""]}, {""skills"": ""Mobile"", ""subskills"": []},{""skills"": ""Blockchain"", ""subskills"": [""Rust""]}]"
6d1b7032-fadf-4344-bbf4-54d526e3fd2c,"[{""skills"": ""Frontend"", ""subskills"": [""React"", ""Angular"", ""Vue"", ""Redux""]}, {""skills"": ""Backend"", ""subskills"": [""Javascript"", ""PHP"", ""Python"", ""Java"", ""C++"", ""C"", ""Ruby"", ""Go"", ""MySQL"", ""Postgres"", ""MongoDB""]}, {""skills"": ""Blockchain"", ""subskills"": [""Rust"", ""Solidity"", ""Move""]}]"
6d6b5342-1e74-49a7-baaf-1092b41b7c69,"[{""skills"": ""Content"", ""subskills"": [""Writing"", ""Research""]}]"
6e0e0fd6-6e4d-4d39-9683-3e8acb32cb01,"[{""skills"": ""Design"", ""subskills"": [""UI/UX Design""]}]"
6e32f938-af8d-4a10-9964-1d1306881817,"[{""skills"": ""Content"", ""subskills"": [""Video"", ""Writing"", ""Social Media""]}]"
6f6aab15-9857-4721-a05a-8469bbf00a38,"[{""skills"": ""Content"", ""subskills"": [""Writing"", ""Social Media""]}]"
711ef899-920f-4c10-8535-510c9ea4dae9,"[{""skills"": ""Content"", ""subskills"": [""Video""]}]"
713390a2-5fa7-4724-9d60-7f10b2b05c73,"[{""skills"": ""Content"", ""subskills"": [""Social Media""]}]"
72219852-8025-4aac-8bb3-a48700cb9bff,"[{""skills"": ""Content"", ""subskills"": [""Writing"", ""Social Media""]}]"
730d1340-1858-4ddd-a476-6d7451054677,"[{""skills"": ""Content"", ""subskills"": [""Writing"", ""Social Media""]}]"
73345498-87e1-4458-8cef-e19e5b848370,"[{""skills"": ""Content"", ""subskills"": [""Writing"", ""Social Media""]}]"
73d5666a-b359-4b75-aca0-0b5c19bf4345,"[{""skills"": ""Content"", ""subskills"": [""Social Media""]}, {""skills"": ""Community"", ""subskills"": []}]"
74034d3c-cb64-4d18-8a9f-3b8a8e5d3c23,"[{""skills"": ""Growth"", ""subskills"": [""Marketing"", ""Business Development""]}, {""skills"": ""Content"", ""subskills"": [""Social Media""]}]"
74584937-fcaa-4358-b4aa-65366867e4f1,"[{""skills"": ""Design"", ""subskills"": [""UI/UX Design""]}, {""skills"": ""Content"", ""subskills"": []}]"
74c6e468-fd70-473c-9989-c4a1df6f35f5,"[{""skills"": ""Content"", ""subskills"": [""Writing"", ""Research""]}]"
75679e4a-8ceb-4425-860b-5840ede912a4,"[{""skills"": ""Content"", ""subskills"": [""Writing"", ""Social Media"", ""Video""]}, {""skills"": ""Community"", ""subskills"": []}]"
7590cdac-de58-41e7-bdc8-d0911556ba45,"[{""skills"": ""Content"", ""subskills"": [""Video""]}]"
769bb201-18f9-4fd0-9809-16c9b8811a25,"[{""skills"": ""Content"", ""subskills"": [""Writing"", ""Social Media""]}]"
76fdfc06-8cc9-4aac-a44e-813c6a6f4d78,"[{""skills"": ""Content"", ""subskills"": [""Video"", ""Social Media""]}, {""skills"": ""Community"", ""subskills"": []}]"
774dd8ff-fd77-47ef-bab8-b894f793ec77,"[{""skills"": ""Content"", ""subskills"": [""Video"", ""Writing"", ""Social Media""]}]"
777c2735-ec47-49a7-af69-292b70aac876,"[{""skills"": ""Content"", ""subskills"": [""Video"", ""Research""]}]"
7786f01f-db3f-47ca-b6ca-e464dd6681e1,"[{""skills"": ""Other"", ""subskills"": []}, {""skills"": ""Design"", ""subskills"": [""Illustration"", ""Graphic Design""]}, {""skills"": ""Content"", ""subskills"": []}]"
779837b2-ad7c-4c08-af9b-e04ef9909f25,"[{""skills"": ""Design"", ""subskills"": [""UI/UX Design""]}]"
77c71b3d-a239-43b6-8a69-580747aca15d,"[{""skills"": ""Content"", ""subskills"": [""Writing"", ""Research""]}]"
78c5a553-766e-49c0-8c77-ab8486777186,"[{""skills"": ""Design"", ""subskills"": [""Illustration""]}]"
79216b95-b565-4595-bd44-5057726f056e,"[{""skills"": ""Design"", ""subskills"": [""Presentation Design""]}, {""skills"": ""Community"", ""subskills"": []}, {""skills"": ""Content"", ""subskills"": [""Social Media""]}]"
79787b2c-5778-411b-8f54-1f1f994ac89a,"[{""skills"": ""Content"", ""subskills"": [""Writing"", ""Research""]}]"
7aa058d2-cd14-434a-bf86-f158fd484895,"[{""skills"": ""Content"", ""subskills"": [""Writing"", ""Research""]}]"
7ab87b4b-39c3-4475-ad35-89600bb89268,"[{""skills"": ""Content"", ""subskills"": [""Writing"", ""Research""]}]"
7c605dd1-ac1b-4fb2-8d54-f4d46f4b791c,"[{""skills"": ""Content"", ""subskills"": [""Video"", ""Writing"", ""Social Media""]}]"
7c682a01-7da9-4cf2-bb67-787f558e81d6,"[{""skills"": ""Frontend"", ""subskills"": [""React""]}]"
7cfa0b4a-9104-4a85-a16b-939152783bfc,"[{""skills"": ""Content"", ""subskills"": [""Writing"", ""Video"", ""Social Media""]}, {""skills"": ""Design"", ""subskills"": []}, {""skills"": ""Community"", ""subskills"": []}]"
7f59a997-384b-49bb-b5e7-fa2d7b3f9c3b,"[{""skills"": ""Content"", ""subskills"": [""Writing""]}]"
7f92fff6-9f85-406d-a7aa-789182aa4156,"[{""skills"": ""Frontend"", ""subskills"": [""React""]}]"
7fcc9556-1cc7-44f1-a6f1-646ceca58c60,"[{""skills"": ""Content"", ""subskills"": [""Writing"", ""Social Media""]}]"
80b590b3-94ae-499b-8ac4-f1594551308a,"[{""skills"": ""Content"", ""subskills"": [""Writing"", ""Social Media""]}]"
815542e5-55d8-42f5-90a6-308422fb27ff,"[{""skills"": ""Design"", ""subskills"": [""UI/UX Design"", ""Graphic Design""]}]"
84343d53-b542-43c6-84d5-3ac1574a3192,"[{""skills"": ""Frontend"", ""subskills"": [""React"", ""Angular"", ""Vue"", ""Redux""]}, {""skills"": ""Backend"", ""subskills"": []}, {""skills"": ""Blockchain"", ""subskills"": []}]"
845c74e6-9802-487a-80ba-7a465d4035a3,"[{""skills"": ""Content"", ""subskills"": [""Video""]}]"
8466e8d7-44bf-4a21-9d47-358efdfeaf9b,"[{""skills"": ""Backend"", ""subskills"": [""Javascript"", ""PHP"", ""Python""]}, {""skills"": ""Frontend"", ""subskills"": []}, {""skills"": ""Blockchain"", ""subskills"": []}, {""skills"": ""Mobile"", ""subskills"": [""Android"", ""Flutter"", ""React Native"", ""iOS""]}]"
84b1824d-0b1e-4eb0-905a-039c00b2a484,"[{""skills"": ""Frontend"", ""subskills"": [""React"", ""Angular""]}, {""skills"": ""Backend"", ""subskills"": [""Javascript""]}, {""skills"": ""Blockchain"", ""subskills"": [""Rust""]}]"
85237eb7-22cd-4efb-bc62-985ecd3c16ee,"[{""skills"": ""Design"", ""subskills"": [""UI/UX Design""]}, {""skills"": ""Other"", ""subskills"": []}]"
85aa8945-00e2-423a-93c0-ad6a61fa2697,"[{""skills"": ""Content"", ""subskills"": [""Writing"", ""Social Media""]}]"
85b7df9f-444c-4834-8266-f09721a04d95,"[{""skills"": ""Content"", ""subskills"": [""Writing"", ""Research""]}, {""skills"": ""Community"", ""subskills"": []}]"
8657eaa6-5f98-4ff3-9c20-8709c08108b7,"[{""skills"": ""Content"", ""subskills"": [""Writing""]}]"
86e332b7-f7f7-4cb0-8d4d-ecfd67159861,"[{""skills"": ""Content"", ""subskills"": [""Writing"", ""Social Media""]}]"
87689903-9223-471e-a41d-6593fb3ed919,"[{""skills"": ""Content"", ""subskills"": [""Video"", ""Social Media""]}, {""skills"": ""Community"", ""subskills"": []}, {""skills"": ""Growth"", ""subskills"": [""Marketing"", ""Digital Marketing""]}]"
87c0a999-a459-4775-abd1-4bb10473dda9,"[{""skills"": ""Content"", ""subskills"": [""Writing"", ""Research""]}]"
882ab6c5-9c14-4d44-ae8a-a4c842c46d06,"[{""skills"": ""Content"", ""subskills"": [""Writing"", ""Research""]}, {""skills"": ""Blockchain"", ""subskills"": []}, {""skills"": ""Growth"", ""subskills"": []}]"
88455976-739e-41e7-aad9-f2eb54ff7cf6,"[{""skills"": ""Backend"", ""subskills"": [""Postgres""]}]"
89294752-2663-4daa-92fb-7547ee46f3ef,"[{""skills"": ""Frontend"", ""subskills"": [""React"", ""Angular"", ""Vue""]}, {""skills"": ""Backend"", ""subskills"": []}, {""skills"": ""Blockchain"", ""subskills"": []}, {""skills"": ""Mobile"", ""subskills"": []}]"
8b18e626-a6c6-4007-aea5-fb2bd660bdad,"[{""skills"": ""Community"", ""subskills"": []}, {""skills"": ""Growth"", ""subskills"": []}, {""skills"": ""Content"", ""subskills"": [""Social Media"", ""Writing"", ""Video""]}, {""skills"": ""Design"", ""subskills"": []}]"
8b494565-3ef8-44e7-875f-f459ab1bc4ad,"[{""skills"": ""Content"", ""subskills"": [""Writing"", ""Social Media""]}]"
8bc78308-879b-4c5b-9228-7631fa0cca6a,"[{""skills"": ""Content"", ""subskills"": [""Social Media"", ""Writing""]}]"
8c5880f7-44e1-474d-b942-b358ceee8ed7,"[{""skills"": ""Content"", ""subskills"": [""Writing"", ""Social Media""]}]"
8c6dfbfd-50f1-4b89-ad0f-6b8a0c0ce24b,"[{""skills"": ""Content"", ""subskills"": [""Research"", ""Writing"", ""Social Media""]}]"
8d785bc4-320a-4849-9f62-6e8ace816280,"[{""skills"": ""Frontend"", ""subskills"": [""React""]}, {""skills"": ""Backend"", ""subskills"": []}, {""skills"": ""Blockchain"", ""subskills"": []}]"
8ddca287-79aa-4631-8b97-f0870dc8910e,"[{""skills"": ""Frontend"", ""subskills"": [""React"", ""Angular"", ""Vue""]}, {""skills"": ""Backend"", ""subskills"": []}]"
8e40c9ef-f21f-4eb8-97a3-fb7df18c180e,"[{""skills"": ""Content"", ""subskills"": [""Writing"", ""Social Media""]}]"
8e84c556-8e8c-4702-ad07-b4a8a4ad8491,"[{""skills"": ""Content"", ""subskills"": [""Writing"", ""Research""]}]"
8ed7bef3-e3e0-4769-9e4b-06cc28e9bcaf,"[{""skills"": ""Content"", ""subskills"": [""Writing"", ""Social Media""]}]"
903cd6ee-eb29-404d-8efe-a8733c848308,"[{""skills"": ""Backend"", ""subskills"": [""Javascript""]}, {""skills"": ""Frontend"", ""subskills"": []}]"
9047b040-9b6b-40c8-aad9-f23085e40b53,"[{""skills"": ""Content"", ""subskills"": [""Writing"", ""Social Media""]}]"
90633a40-58db-481e-a521-d12af6ba4217,"[{""skills"": ""Frontend"", ""subskills"": []}, {""skills"": ""Backend"", ""subskills"": [""Javascript""]}, {""skills"": ""Blockchain"", ""subskills"": []}, {""skills"": ""Mobile"", ""subskills"": [""React Native""]}]"
90b4fa56-9a10-4ebf-8284-31b3997667d1,"[{""skills"": ""Frontend"", ""subskills"": []}, {""skills"": ""Backend"", ""subskills"": [""Javascript"", ""PHP"", ""Python"", ""C++""]}, {""skills"": ""Blockchain"", ""subskills"": [""Rust""]}, {""skills"": ""Mobile"", ""subskills"": []}]"
923e9e65-c9a0-4ece-92ef-7c57d45e2b4b,"[{""skills"": ""Other"", ""subskills"": [""Operations""]}]"
926babba-2f6b-4f78-a18b-f5db64f31a99,"[{""skills"": ""Design"", ""subskills"": [""UI/UX Design""]}]"
9344e3e2-133a-4e25-b705-098e2ed67ab9,"[{""skills"": ""Frontend"", ""subskills"": []}, {""skills"": ""Backend"", ""subskills"": []}, {""skills"": ""Blockchain"", ""subskills"": [""Rust""]}]"
934bd1c4-2b86-4128-a0f3-bf3400d8fd7a,"[{""skills"": ""Content"", ""subskills"": [""Research"", ""Video"", ""Social Media""]}, {""skills"": ""Growth"", ""subskills"": []}]"
98bd78bf-84d8-4bac-93a2-c2f22e7bbe54,"[{""skills"": ""Frontend"", ""subskills"": []}, {""skills"":""Backend"", ""subskills"":[]}]"
98f49bfb-2c88-4282-93fb-34f14ecb1b7a,"[{""skills"": ""Backend"", ""subskills"": []}, {""skills"": ""Frontend"", ""subskills"": [""React""]}, {""skills"": ""Design"", ""subskills"": []}, {""skills"": ""Blockchain"", ""subskills"": [""Rust""]}, {""skills"": ""Mobile"", ""subskills"": []}]"
992681a1-2fa0-423a-8d1e-e1b5c6ee037d,"[{""skills"": ""Growth"", ""subskills"": [""Digital Marketing""]}]"
9d1e9a16-72b4-46ea-bc0a-5a834904bbba,"[{""skills"": ""Design"", ""subskills"": [""Graphic Design"", ""Illustration""]}]"
9d22cea4-1395-446e-b228-470bb40b3e77,"[{""skills"": ""Blockchain"", ""subskills"": [""Rust""]}, {""skills"": ""Frontend"", ""subskills"": []}, {""skills"": ""Backend"", ""subskills"": [""Javascript""]}]"
9d55df12-9131-4dfa-92cc-2d6cc5574c13,"[{""skills"": ""Content"", ""subskills"": [""Writing""]}]"
9e4af61b-4495-4ee4-93c6-4acb6f1a600a,"[{""skills"": ""Community"", ""subskills"": []}, {""skills"": ""Growth"", ""subskills"": [""Digital Marketing"", ""Marketing""]}, {""skills"": ""Content"", ""subskills"": [""Video"", ""Social Media""]}]"
9e53a691-3946-4b2e-b36e-f3796443e757,"[{""skills"": ""Content"", ""subskills"": [""Writing"", ""Social Media""]}]"
a03f2c6a-cb03-434c-8777-cde01f36ddd4,"[{""skills"": ""Content"", ""subskills"": [""Writing""]}]"
a17fb1ad-6df5-482e-99d3-367b13a906fa,"[{""skills"": ""Community"", ""subskills"": [""Community Manager""]}, {""skills"": ""Growth"", ""subskills"": [""Business Development"", ""Digital Marketing"", ""Marketing""]}, {""skills"": ""Content"", ""subskills"": []}]"
a2c52859-a659-4650-884d-305a4bc888d0,"[{""skills"": ""Frontend"", ""subskills"": [""React"", ""Angular"", ""Vue"", ""Redux""]}, {""skills"": ""Backend"", ""subskills"": [""Javascript"", ""PHP"", ""Python"", ""Java"", ""C++"", ""C"", ""Ruby"", ""Go"", ""MySQL"", ""Postgres"", ""MongoDB""]}, {""skills"": ""Blockchain"", ""subskills"": [""Rust"", ""Solidity"", ""Move""]}]"
a32265c0-1109-4397-a71b-726fa8a5e3a3,"[{""skills"": ""Content"", ""subskills"": [""Writing"", ""Social Media""]}]"
a36910bf-8d82-4649-b0f3-448f52ed53de,"[{""skills"": ""Content"", ""subskills"": [""Writing"", ""Research""]}]"
a3e6ceee-ed73-4283-bec6-f8894967d973,"[{""skills"": ""Other"", ""subskills"": [""Operations""]}]"
a4227ef3-c1c4-441f-942e-94826c5771e8,"[{""skills"": ""Content"", ""subskills"": [""Writing"",""Social Media""]}]"
a4eab646-e458-4739-a64e-071a0d89e4bd,"[{""skills"": ""Content"", ""subskills"": [""Writing"",""Research""]}]"
a6093b02-083a-435c-9fcf-bcb6c9b51310,"[{""skills"": ""Content"", ""subskills"": [""Writing"", ""Social Media""]}]"
a6a5beb1-8b0e-4891-b80f-8a5d8f4fecb4,"[{""skills"": ""Content"", ""subskills"": [""Writing"", ""Research""]}]"
a70e69a4-1cd3-4fc4-8342-be3409ed7978,"[{""skills"": ""Other"", ""subskills"": []}]"
a775124e-7262-4b1b-ba1d-614041c7201a,"[{""skills"": ""Content"", ""subskills"": [""Writing"", ""Research""]}]"
a80338b2-04db-441d-9fb7-3c09dde91404,"[{""skills"": ""Design"", ""subskills"": [""Graphic Design"", ""Illustration""]}, {""skills"": ""Content"", ""subskills"": [""Video""]}]"
a83c39f1-4327-4c8d-9e11-58accbc53b41,"[{""skills"": ""Community"", ""subskills"": []}, {""skills"": ""Growth"", ""subskills"": [""Digital Marketing"", ""Marketing""]}, {""skills"": ""Content"", ""subskills"": [""Video"", ""Social Media""]}]"
a93e2fbb-17fd-42e4-93c4-606049082ace,"[{""skills"": ""Frontend"", ""subskills"": [""React"", ""Angular"", ""Vue""]}, {""skills"": ""Backend"", ""subskills"": []}]"
a9806600-1f76-4f95-8e0c-0ac4c708f181,"[{""skills"": ""Content"", ""subskills"": [""Writing"", ""Social Media""]}]"
a98f1aa4-6fdc-4d4f-a5e3-2d1a3fdafea7,"[{""skills"": ""Frontend"", ""subskills"": [""React""]}, {""skills"": ""Backend"", ""subskills"": [""Javascript"", ""MongoDB"", ""Postgres"", ""Python""]}, {""skills"": ""Blockchain"", ""subskills"": [""Rust""]}]"
aa3fb4a6-d0c5-449c-9280-5d325f0936f9,"[{""skills"": ""Frontend"", ""subskills"": [""React"", ""Angular"", ""Vue""]}, {""skills"": ""Blockchain"", ""subskills"": []}, {""skills"": ""Backend"", ""subskills"": [""Javascript""]}]"
ab818be0-9b70-4894-872c-0eae960e606c,"[{""skills"": ""Content"", ""subskills"": [""Writing"", ""Research""]}, {""skills"": ""Mobile"", ""subskills"": [""Android""]}]"
abaa4c03-9e93-4bd7-afca-df39a94c6a35,"[{""skills"": ""Frontend"", ""subskills"": [""React""]}, {""skills"": ""Backend"", ""subskills"": [""Python""]}]"
ac191273-ade0-4e51-a7b4-fb450b4e2bdf,"[{""skills"": ""Other"", ""subskills"": [""Data Analytics""]}]"
ac9286e7-0d75-4ad9-b061-2599422bbaba,"[{""skills"": ""Backend"", ""subskills"": [""Javascript""]}, {""skills"": ""Frontend"", ""subskills"": []}, {""skills"": ""Blockchain"", ""subskills"": [""Rust""]}]"
acbe7885-bea0-4cf2-83ae-c51540cd782a,"[{""skills"": ""Design"", ""subskills"": [""Graphic Design""]}]"
adcdbc89-4998-4ae5-8b57-61df94205546,"[{""skills"": ""Design"", ""subskills"": [""Graphic Design""]}]"
add38c1c-543c-4b9a-9644-bdaa7d265540,"[{""skills"": ""Design"", ""subskills"": [""UI/UX Design""]}]"
ae186692-0c73-4c89-8552-ff7126c754e0,"[{""skills"": ""Frontend"", ""subskills"": [""React"", ""Angular"", ""Vue""]}, {""skills"": ""Backend"", ""subskills"": []}]"
aeb7203f-f2fd-4616-a85b-e6dd256faa9a,"[{""skills"": ""Community"", ""subskills"": []}, {""skills"": ""Growth"", ""subskills"": [""Digital Marketing"", ""Marketing""]}, {""skills"": ""Content"", ""subskills"": [""Social Media"", ""Video""]}]"
af1591ce-9859-4423-8897-c8f390e7d18d,"[{""skills"": ""Design"", ""subskills"": [""Graphic Design"", ""Illustration""]}, {""skills"": ""Content"", ""subskills"": [""Social Media""]}]"
af34411d-b104-4196-8c02-cf8057074f0b,"[{""skills"": ""Content"", ""subskills"": [""Writing"", ""Social Media""]}]"
b0fc9ef6-0d25-4998-82f9-fa47da81bb87,"[{""skills"": ""Content"", ""subskills"": [""Writing""]}]"
b25405c2-d6ea-49fc-aa41-88f43f2225a3,"[{""skills"": ""Content"", ""subskills"": [""Video""]}]"
b334bf4b-0d57-4ab5-8d9f-244e4ff273c1,"[{""skills"": ""Content"", ""subskills"": [""Writing"", ""Social Media""]}]"
b4949af2-9bd4-4d23-8405-5c4dc6c1be16,"[{""skills"": ""Content"", ""subskills"": [""Video"", ""Social Media""]}]"
b507419e-60ef-47b3-9b70-1b7c2210bac4,"[{""skills"": ""Frontend"", ""subskills"": [""React"", ""Angular"", ""Vue""]}, {""skills"": ""Backend"", ""subskills"": []}]"
b616ae6c-273a-4d20-9a29-0da0d22d80c9,"[{""skills"": ""Content"", ""subskills"": [""Writing""]}]"
b6b511f3-42d0-428f-b74f-04437890c33d,"[{""skills"": ""Content"", ""subskills"": [""Writing"", ""Social Media""]}]"
b75e5928-3dbd-4cd6-bd6a-ddb5e55ec0f9,"[{""skills"": ""Content"", ""subskills"": [""Writing""]}]"
b8018f67-f5e7-4792-be38-567862a3ee19,"[{""skills"": ""Community"", ""subskills"": []}]"
b98dfccd-ea2b-42d5-9b92-6ec494bf37ba,"[{""skills"": ""Design"", ""subskills"": [""UI/UX Design"", ""Graphic Design"", ""Illustration""]}, {""skills"": ""Frontend"", ""subskills"": []}, {""skills"": ""Mobile"", ""subskills"": []}]"
b9b14229-c585-411a-b910-621e0ebf6041,"[{""skills"": ""Frontend"", ""subskills"": [""React"", ""Angular"", ""Vue"", ""Redux""]}, {""skills"": ""Backend"", ""subskills"": [""Javascript"", ""PHP"", ""Python"", ""Java"", ""C++"", ""C"", ""Ruby"", ""Go"", ""MySQL"", ""Postgres"", ""MongoDB""]}, {""skills"": ""Blockchain"", ""subskills"": [""Rust""]}, {""skills"": ""Mobile"", ""subskills"": []}]"
ba887201-7e58-4daa-b38d-4ab12caf91d2,"[{""skills"": ""Frontend"", ""subskills"": [""React""]}, {""skills"": ""Content"", ""subskills"": [""Writing""]}]"
bad5b116-5cd9-4008-972d-d96f658f5b6d,"[{""skills"": ""Content"", ""subskills"": [""Writing"", ""Social Media"", ""Research""]}]"
bbefc6f5-b912-4036-807e-6772bb523368,"[{""skills"": ""Design"", ""subskills"": [""Graphic Design"", ""Illustration""]}]"
bc04015e-88e8-4663-8bc3-3bf298d75e5a,"[{""skills"": ""Community"", ""subskills"": [""Community Manager""]}, {""skills"": ""Growth"", ""subskills"": [""Business Development"", ""Digital Marketing"", ""Marketing""]}, {""skills"": ""Content"", ""subskills"": []}]"
bd586e7b-7cb5-4efe-ae4f-87612fcec75d,"[{""skills"": ""Frontend"", ""subskills"": [""React""]}, {""skills"": ""Design"", ""subskills"": [""UI/UX Design""]}]"
bd870150-688d-4ead-aab2-7a40c202c24f,"[{""skills"": ""Content"", ""subskills"": [""Writing"", ""Research""]}]"
bd8fefab-307c-4ff5-be9c-7e6b3b935742,"[{""skills"": ""Content"", ""subskills"": [""Writing"", ""Research""]}]"
be235629-188a-4808-bbed-d8c4fa582dc6,"[{""skills"": ""Content"", ""subskills"": [""Writing"", ""Research""]}]"
be2f885c-65cb-4873-9b84-5e9fb45bb3bc,"[{""skills"": ""Content"", ""subskills"": [""Writing"", ""Social Media"", ""Video""]}, {""skills"": ""Community"", ""subskills"": []}]"
be8c5b18-1aa2-4d53-a578-704f8a03959f,"[{""skills"": ""Content"", ""subskills"": [""Writing"", ""Social Media""]}, {""skills"": ""Design"", ""subskills"": [""Graphic Design""]}]"
bef8161f-4472-4846-95dd-1abe7ed8ad72,"[{""skills"": ""Content"", ""subskills"": [""Video"", ""Research"", ""Social Media""]}]"
bf6404ce-69d3-48af-ae4c-66f84f492cd2,"[{""skills"": ""Content"", ""subskills"": [""Writing"", ""Social Media""]}]"
bf8cc33d-6656-4457-84c3-927a7b37f493,"[{""skills"": ""Content"", ""subskills"": [""Writing"", ""Research""]}, {""skills"": ""Blockchain"", ""subskills"": []}]"
c0069db0-e850-4182-95e6-91bc0b1de396,"[{""skills"": ""Backend"", ""subskills"": [""Python""]}]"
c0bd9bac-c7b7-445c-a38e-b43feb4135c0,"[{""skills"": ""Community"", ""subskills"": [""Community Manager""]}, {""skills"": ""Growth"", ""subskills"": [""Business Development"", ""Digital Marketing"", ""Marketing""]}, {""skills"": ""Content"", ""subskills"": []}]"
c2da3b2a-a491-41cf-b111-372109b431de,"[{""skills"": ""Content"", ""subskills"": [""Writing""]}]"
c35b594e-2d4b-408c-a088-02c4f1351bbc,"[{""skills"": ""Content"", ""subskills"": [""Social Media""]}, {""skills"": ""Community"", ""subskills"": []}]"
c51be9ea-72b0-4fcc-b4ad-c78265016c11,"[{""skills"": ""Content"", ""subskills"": [""Social Media""]}]"
c52db4ce-42e5-4247-951b-166d5d1f01d7,"[{""skills"": ""Content"", ""subskills"": [""Writing"", ""Social Media""]}]"
c536d805-03d8-4e26-8b8b-e53ae0d24c83,"[{""skills"": ""Community"", ""subskills"": [""Community Manager""]}, {""skills"": ""Other"", ""subskills"": [""Operations""]}]"
c547100f-eaa4-41ba-8939-9e8adebbbfa6,"[{""skills"": ""Content"", ""subskills"": [""Research"", ""Writing""]}]"
c5530ea7-94ec-4484-a8bb-25787605d824,"[{""skills"": ""Content"", ""subskills"": [""Video"", ""Writing"", ""Social Media""]}]"
c596317e-8269-4fa8-9a3e-b5f7501440e6,"[{""skills"": ""Design"", ""subskills"": [""Illustration"", ""Graphic Design""]}, {""skills"": ""Other"", ""subskills"": []}]"
c5c6f368-4d99-4945-afe1-288173f61d9f,"[{""skills"": ""Other"", ""subskills"": [""Operations""]}]"
c6e474a6-e59b-405c-99a4-ea82824058b5,"[{""skills"": ""Content"", ""subskills"": [""Writing"", ""Research"", ""Social Media""]}, {""skills"": ""Growth"", ""subskills"": [""Digital Marketing""]}, {""skills"": ""Community"", ""subskills"": []}]"
c89ca79b-dfc9-4af6-8a7b-aa4be8776761,"[{""skills"": ""Content"", ""subskills"": [""Writing""]}]"
c8a5db76-110a-462c-b972-8d32654508ac,"[{""skills"": ""Community"", ""subskills"": []}, {""skills"": ""Growth"", ""subskills"": [""Digital Marketing"", ""Marketing""]}, {""skills"": ""Content"", ""subskills"": [""Video"", ""Writing"", ""Social Media""]}]"
cbd40fa3-f971-4191-b12b-22b6d5f1e494,"[{""skills"": ""Backend"", ""subskills"": [""Javascript""]}, {""skills"": ""Frontend"", ""subskills"": []}]"
ccf95bf2-1712-4950-bc3e-b7e837f6de8b,"[{""skills"": ""Content"", ""subskills"": [""Writing"", ""Research""]}]"
cd2562d8-a241-4f9a-9af8-7733361083d7,"[{""skills"": ""Content"", ""subskills"": [""Writing"", ""Research""]}]"
cd2e5fb4-b177-4ecd-941d-b0f9d58465cc,"[{""skills"": ""Content"", ""subskills"": [""Writing"", ""Social Media""]}]"
cd8a6910-0eea-45e5-b185-cf8e08eabb32,"[{""skills"": ""Other"", ""subskills"": []}, {""skills"": ""Design"", ""subskills"": [""Illustration"", ""Graphic Design""]}]"
ce797053-4651-45f5-8c57-dd04a3f2b5e6,"[{""skills"": ""Content"", ""subskills"": [""Writing""]}]"
ce8f988c-f952-410b-ba44-42e4eabdc95e,"[{""skills"": ""Content"", ""subskills"": [""Writing""]}]"
cf153166-eb9b-4acf-9264-5091c562f721,"[{""skills"": ""Content"", ""subskills"": [""Writing""]}]"
d07aad4c-3112-407a-ad2b-2763f82e7845,"[{""skills"": ""Content"", ""subskills"": [""Video"", ""Writing"", ""Social Media""]}, {""skills"": ""Growth"", ""subskills"": [""Digital Marketing"", ""Marketing""]}, {""skills"": ""Community"", ""subskills"": []}, {""skills"": ""Other"", ""subskills"": []}, {""skills"": ""Design"", ""subskills"": []}]"
d0cc8434-1b4d-4f1a-97c8-7e35d2e53412,"[{""skills"": ""Content"", ""subskills"": [""Writing"", ""Social Media""]}]"
d3dc1a69-d0a1-418c-bb82-d3ce4ab1c818,"[{""skills"": ""Content"", ""subskills"": [""Writing"", ""Research""]}]"
d4549c71-7883-49e5-8078-26d7a1bc6394,"[{""skills"": ""Community"", ""subskills"": [""Discord Moderator"", ""Community Manager""]}, {""skills"": ""Content"", ""subskills"": []}, {""skills"": ""Growth"", ""subskills"": []}, {""skills"": ""Other"", ""subskills"": []}]"
d4cbda36-bf88-411a-838d-5d1d42d3d9e0,"[{""skills"": ""Design"", ""subskills"": [""Illustration"", ""Graphic Design""]}, {""skills"": ""Community"", ""subskills"": [""Discord Moderator""]}]"
d5418684-b597-47fa-921d-f79626442d3b,"[{""skills"": ""Design"", ""subskills"": [""UI/UX Design""]}]"
d5bfa511-4748-4af6-9a75-12cb87636d57,"[{""skills"": ""Content"", ""subskills"": [""Writing"", ""Research""]}]"
d68c398d-3d24-45ff-a2fc-fcb3c6ea59b9,"[{""skills"": ""Content"", ""subskills"": [""Social Media"", ""Writing""]}]"
d6ece8d1-fc06-4328-a01b-e0ccfcebf349,"[{""skills"": ""Content"", ""subskills"": [""Writing"", ""Research""]}]"
d79efe35-3018-45f4-a856-8bc473f1453e,"[{""skills"": ""Content"", ""subskills"": [""Writing"", ""Research""]}]"
d7cb45c3-71d8-45e3-80db-3750549806b3,"[{""skills"": ""Content"", ""subskills"": [""Writing"", ""Research""]}]"
d88b3631-44e1-4d15-88b5-eb9e8c1b799e,"[{""skills"": ""Content"", ""subskills"": [""Writing""]}]"
d8c18bc4-7713-4e16-bf02-95ad7264ad42,"[{""skills"": ""Content"", ""subskills"": [""Writing"", ""Social Media""]}]"
d9291b7d-fef7-4d30-9d54-fd0d4958b848,"[{""skills"": ""Content"", ""subskills"": [""Video""]}]"
d9e5c665-afe8-4c20-b1e9-acde4c44a597,"[{""skills"": ""Frontend"", ""subskills"": [""React""]}, {""skills"": ""Backend"", ""subskills"": [""Javascript""]}, {""skills"": ""Blockchain"", ""subskills"": []}]"
da64e4ac-0f76-4fcc-b3ef-6e3a732163ea,"[{""skills"": ""Content"", ""subskills"": [""Writing"", ""Social Media""]}]"
da97a8c0-9a95-4c28-a12b-295b50659f0f,"[{""skills"": ""Design"", ""subskills"": [""UI/UX Design""]}]"
dc44ff1b-ec99-417f-a6c5-01517edc76ec,"[{""skills"": ""Content"", ""subskills"": [""Writing"", ""Social Media"", ""Video""]}, {""skills"": ""Community"", ""subskills"": []}]"
dc45b239-b007-4a6d-bdb8-dcc82446aa3c,"[{""skills"": ""Content"", ""subskills"": [""Writing"", ""Social Media"", ""Video""]}, {""skills"": ""Community"", ""subskills"": []}]"
dccf543d-ec12-42bb-9b49-7fa46f156736,"[{""skills"": ""Content"", ""subskills"": [""Writing"", ""Research""]}]"
dd7fa8e7-846d-473c-b337-00d92c9621ef,"[{""skills"": ""Content"", ""subskills"": [""Writing"", ""Social Media""]}]"
dde67cd2-578e-4ce0-9eeb-f30529d15b74,"[{""skills"": ""Frontend"", ""subskills"": [""Angular"", ""Vue"", ""Redux""]}, {""skills"": ""Backend"", ""subskills"": []}, {""skills"": ""Blockchain"", ""subskills"": []}, {""skills"": ""Mobile"", ""subskills"": []}]"
de731e5d-494d-4dbf-8b83-300a003ae644,"[{""skills"": ""Content"", ""subskills"": [""Writing"", ""Social Media""]}]"
deb824ea-f634-435b-9e0d-1b09d4095727,"[{""skills"": ""Content"", ""subskills"": [""Social Media"", ""Writing""]}]"
dee3ccee-a567-4d0a-8768-c1767ac81c2b,"[{""skills"": ""Frontend"", ""subskills"": []}, {""skills"": ""Backend"", ""subskills"": []}, {""skills"": ""Blockchain"", ""subskills"": []}]"
defbbfc9-7ce2-40cb-9c51-d840c68375aa,"[{""skills"": ""Frontend"", ""subskills"": []}, {""skills"": ""Backend"", ""subskills"": [""Javascript""]}]"
deff59a1-41db-471e-868a-a5a8636a1f81,"[{""skills"": ""Content"", ""subskills"": [""Writing"", ""Social Media"", ""Research""]}, {""skills"": ""Other"", ""subskills"": []}]"
df26fdb3-a9e3-407b-82e6-a54137dd8df6,"[{""skills"": ""Frontend"", ""subskills"": []}, {""skills"": ""Backend"", ""subskills"": [""Javascript""]}]"
df33ab97-d821-40cc-987a-e6bb0d31f07d,"[{""skills"": ""Content"", ""subskills"": [""Writing""]}]"
dfba0946-e06a-4c49-b69f-eea226ce5889,"[{""skills"": ""Content"", ""subskills"": [ ""Writing"", ""Research""]}]"
e1030d27-cdce-4a50-b325-6c4d658a8c35,"[{""skills"": ""Content"", ""subskills"": [""Social Media"", ""Writing""]}]"
e1501d86-71e5-4ef4-a28a-0ca8339eacf7,"[{""skills"": ""Content"", ""subskills"": [""Writing"", ""Social Media""]}]"
e1c43d73-444d-46c0-ba07-1dd10b49eb53,"[{""skills"": ""Content"", ""subskills"": [""Writing""]}]"
e1d2679f-fc03-4452-b194-674610ab3e4c,"[{""skills"": ""Content"", ""subskills"": [""Research"", ""Writing""]}]"
e24d7708-0346-432b-9819-3ed740e0d6fc,"[{""skills"": ""Other"", ""subskills"": [""Operations""]}]"
e29875a9-0b60-4812-9835-f314ff7f2219,"[{""skills"": ""Design"", ""subskills"": [""Presentation Design""]}]"
e2b87ff7-a504-4754-825f-efaa655fed6f,"[{""skills"": ""Content"", ""subskills"": [""Writing"", ""Social Media""]}]"
e33f4ffa-05b7-4218-a763-c4743197c1f3,"[{""skills"": ""Design"", ""subskills"": [""UI/UX Design"", ""Graphic Design""]}, {""skills"": ""Frontend"", ""subskills"": []}, {""skills"": ""Backend"", ""subskills"": []}]"
e4388a4a-18ea-43d9-a475-307febb547a1,"[{""skills"": ""Frontend"", ""subskills"": [""React"", ""Vue""]}, {""skills"": ""Backend"", ""subskills"": [""Javascript"", ""Postgres"", ""MongoDB""]}, {""skills"": ""Blockchain"", ""subskills"": [""Rust""]}]"
e496a4a2-9963-4cc7-b8f4-828ee725ffde,"[{""skills"": ""Content"", ""subskills"": [""Writing"", ""Social Media""]}]"
e65225a1-2050-4592-99c9-8214a55a2706,"[{""skills"": ""Community"", ""subskills"": [""Community Manager"", ""Discord Moderator""]}, {""skills"": ""Growth"", ""subskills"": [""Business Development"", ""Marketing""]}, {""skills"": ""Other"", ""subskills"": [""Data Analytics""]}]"
e6530b9d-254a-4a34-8973-6cd72cac0a68,"[{""skills"": ""Content"", ""subskills"": [""Writing"", ""Social Media""]}]"
e658c1ab-a053-4038-915b-0ce28ca4561f,"[{""skills"": ""Other"", ""subskills"": [""Operations""]}]"
e6dd2c40-d4a3-45d9-98f7-c64004758c6b,"[{""skills"": ""Blockchain"", ""subskills"": [""Rust""]}, {""skills"": ""Content"", ""subskills"": [""Writing""]}]"
e7c09589-4ba8-4470-acf3-babf8c2bea3d,"[{""skills"": ""Content"", ""subskills"": [""Writing"",""Research""]}]"
e7d8f989-9efe-492d-b263-1a6bd9efa986,"[{""skills"": ""Content"", ""subskills"": [""Writing"", ""Social Media""]}]"
e7f214c9-08e9-4b88-9261-bc659bcb6e83,"[{""skills"": ""Frontend"", ""subskills"": []}, {""skills"": ""Blockchain"", ""subskills"": [""Rust""]}, {""skills"": ""Backend"", ""subskills"": [""Javascript""]}, {""skills"": ""Mobile"", ""subskills"": []}]"
e812691e-71cb-4785-b2f7-49add6016838,"[{""skills"": ""Content"", ""subskills"": [""Writing"",""Research""]}]"
e995b300-48e6-402d-bf3c-f89ed4d20fcd,"[{""skills"": ""Content"", ""subskills"": [""Writing"", ""Social Media""]}]"
eb60d74b-86e4-46ad-8f22-282bc1672b5b,"[{""skills"": ""Design"", ""subskills"": [""Graphic Design""]}]"
eb6e4cc4-0241-429c-b5ce-d601c6c729ba,"[{""skills"": ""Community"", ""subskills"": [""Community Manager""]}, {""skills"": ""Growth"", ""subskills"": [""Business Development"", ""Digital Marketing"", ""Marketing""]}, {""skills"": ""Content"", ""subskills"": []}]"
ebf7229c-73a2-4fac-8370-ab08c6922461,"[{""skills"": ""Design"", ""subskills"": [""UI/UX Design""]}]"
ec7ff1cf-3c7a-4f5b-a69c-f76ebceb474d,"[{""skills"": ""Backend"", ""subskills"": [""Javascript""]}, {""skills"": ""Blockchain"", ""subskills"": []}]"
ed0dfcb8-5830-4c5b-ac1c-2a3742a3385d,"[{""skills"": ""Frontend"", ""subskills"": []}, {""skills"": ""Backend"", ""subskills"": []}]"
ed2615eb-f928-4f63-8409-b8f24f6c74c1,"[{""skills"": ""Frontend"", ""subskills"": [""React"", ""Angular"", ""Vue"", ""Redux""]}, {""skills"": ""Backend"", ""subskills"": []}, {""skills"": ""Blockchain"", ""subskills"": []}, {""skills"": ""Mobile"", ""subskills"": []}, {""skills"": ""Design"", ""subskills"": []}]"
ed580351-68c4-4ee2-a1f7-18a4d689d3e1,"[{""skills"": ""Content"", ""subskills"": [""Video""]}]"
ed768068-ed3d-4567-b373-1a837ee36068,"[{""skills"": ""Content"", ""subskills"": [""Writing"", ""Research""]}]"
edf2dc4c-2aa6-4602-9182-79a0eb6ceeef,"[{""skills"": ""Content"", ""subskills"": [""Video"", ""Social Media""]}]"
eeb22480-3ac6-4618-b463-275ab3401a3c,"[{""skills"": ""Content"", ""subskills"": [""Video""]}]"
effa299c-2ce0-4914-8c10-23dea31b7bdc,"[{""skills"": ""Content"", ""subskills"": [""Writing"", ""Social Media""]}]"
f0664473-7ebc-40aa-8568-dce603e72889,"[{""skills"": ""Content"", ""subskills"": [""Writing"", ""Social Media"", ""Video""]}, {""skills"": ""Community"", ""subskills"": []}]"
f0bbe46e-77aa-4ba5-a246-c0ca00fd20ec,"[{""skills"": ""Frontend"", ""subskills"": [""React""]}, {""skills"": ""Backend"", ""subskills"": [""Javascript"", ""Postgres""]}]"
f12da18d-7bb2-4a99-9c54-03e2c500a2d7,"[{""skills"": ""Growth"", ""subskills"": [""Business Development"", ""Marketing""]}, {""skills"": ""Blockchain"", ""subskills"": []}]"
f1d2b595-3270-46ec-86c6-ac072b5feb7c,"[{""skills"": ""Other"", ""subskills"": [""Operations""]}, {""skills"": ""Community"", ""subskills"": []}, {""skills"": ""Design"", ""subskills"": []}, {""skills"": ""Content"", ""subskills"": []}]"
f2e09f70-0b57-4253-bfa2-f7c5341e3509,"[{""skills"": ""Content"", ""subskills"": [""Writing"", ""Social Media""]}, {""skills"": ""Community"", ""subskills"": []}]"
f3072ffb-de88-4c54-a017-0e5e2eac932b,"[{""skills"": ""Content"", ""subskills"": [""Writing"",""Research""]}]"
f3345164-3a49-4ee9-b68b-708696683c9c,"[{""skills"": ""Frontend"", ""subskills"": [""Vue"", ""Redux""]}, {""skills"": ""Backend"", ""subskills"": []}, {""skills"": ""Blockchain"", ""subskills"": []}, {""skills"": ""Mobile"", ""subskills"": []}]"
f37486a2-034c-4f6e-9b07-faead4ed24f1,"[{""skills"": ""Design"", ""subskills"": [""UI/UX Design""]}, {""skills"": ""Content"", ""subskills"": []}]"
f37e0d15-1184-4e9e-8d23-cc5e2b441ebf,"[{""skills"": ""Other"", ""subskills"": [""Data Analytics""]}]"
f3af02be-4759-4766-8a78-cc983e1c94fb,"[{""skills"": ""Content"", ""subskills"": [""Writing""]}]"
f500f37f-8432-4b37-b519-86e983225610,"[{""skills"": ""Content"", ""subskills"": []}, {""skills"": ""Other"", ""subskills"": [""Data Analytics""]}]"
f55a5627-d464-479b-b027-69eea741d8a9,"[{""skills"": ""Content"", ""subskills"": [""Writing"", ""Research""]}]"
f74363c8-b347-4f84-8f15-caa8dbc7634a,"[{""skills"": ""Community"", ""subskills"": [""Community Manager"", ""Discord Moderator""]}, {""skills"": ""Content"", ""subskills"": [""Research""]}]"
f791f107-c838-45d6-8bcf-fb74063b140d,"[{""skills"": ""Frontend"", ""subskills"": [""React""]}, {""skills"": ""Backend"", ""subskills"": []}, {""skills"": ""Blockchain"", ""subskills"": []}]"
f8552cbe-1c62-4ad6-9ea7-cd78f29e8002,"[{""skills"": ""Content"", ""subskills"": [""Video"", ""Social Media""]}, {""skills"": ""Community"", ""subskills"": []}]"
f8557de5-ee9b-4ced-89ea-a429814711b1,"[{""skills"": ""Content"", ""subskills"": [""Writing""]}]"
fa734f66-7375-4d5d-a97e-6c37fa0271db,"[{""skills"": ""Content"", ""subskills"": [""Writing"", ""Research""]}]"
fa83dddc-5365-478c-901b-5330ab23a6ac,"[{""skills"": ""Backend"", ""subskills"": [""Javascript""]}, {""skills"": ""Blockchain"", ""subskills"": []}, {""skills"": ""Mobile"", ""subskills"": [""Android"", ""Flutter"", ""React Native"", ""iOS""]}]"
fadb0ee6-a02f-4d4e-9331-d8e62fd21913,"[{""skills"": ""Backend"", ""subskills"": []}, {""skills"": ""Blockchain"", ""subskills"": [""Rust""]}]"
fd0605ed-9c71-41e2-8064-4cea22082843,"[{""skills"": ""Content"", ""subskills"": [""Writing"",""Research""]}]"
fd3bd6e7-cbff-485f-9052-66a7b4568849,"[{""skills"": ""Design"", ""subskills"": [""UI/UX Design""]}]"
fd9580f1-e236-47c6-bd7d-11e5743a7f55,"[{""skills"": ""Content"", ""subskills"": [""Writing"", ""Research""]}]"
fdead4bd-3272-4be5-a6a7-b52eb73b4b44,"[{""skills"": ""Design"", ""subskills"": [""Graphic Design"", ""Illustration""]}]"
fe103230-f9a7-4957-a7c7-594eefaace2c,"[{""skills"": ""Frontend"", ""subskills"": [""React"", ""Angular"", ""Vue""]}, {""skills"": ""Backend"", ""subskills"": []}, {""skills"": ""Blockchain"", ""subskills"": []}, {""skills"": ""Mobile"", ""subskills"": []}, {""skills"": ""Design"", ""subskills"": []}]"
fe240849-a3af-4084-8f44-d42e3d44879c,"[{""skills"": ""Content"", ""subskills"": [""Writing"",""Research""]}, {""skills"":""Design"", ""subskills"":[]}]"
fedcc5c6-e0a7-497f-8566-16d2d9391b59,"[{""skills"": ""Content"", ""subskills"": [""Writing"",""Research""]}]"